"query_text","popularity","updated_at"
"a","3825","2019-11-14"
"cafe instantaneo","1104","2019-11-14"
"nescafe","3430","2019-11-14"
"taza","2481","2019-11-14"
"alegria","1295","2019-11-14"
"7501058629135","138","2019-11-14"
"Dolce Gusto Mini Me","1863","2019-11-14"
"z","3594","2019-11-14"
"caja","789","2019-11-14"
"24","809","2019-11-14"
"30","1629","2019-11-14"
"splenda","1273","2019-11-14"
"mini me","2269","2019-11-14"
"Milano","604","2019-11-14"
"vainilla","151","2019-11-14"
"original","769","2019-11-14"
"7613035376083","69","2019-11-14"
"1","9456","2019-11-14"
"722776001738","91","2019-11-14"
"7501431235168","85","2019-11-14"
"17501059273259","137","2019-11-14"
"conf","1006","2019-11-14"
"CAFE EXPRESSO","2170","2019-11-14"
"3","3224","2019-11-14"
"Café vainilla","25541","2019-11-14"
"Deposito de cápsulas","29091","2019-11-14"
"Descargar la aplicacion por Bluetooth","1753","2019-11-14"
"Cafetera dolce gusto","333","2019-11-14"
"abuelita","26","2019-11-14"
"chocolate abuelita","7","2019-11-14"
"mini+me","9","2019-11-14"
"Descargar+la+aplicacion+por+Bluetooth","41","2019-11-14"
"pure de papa","5","2019-11-14"
"ABUALITA","1","2019-11-14"
"cafe","4433","2019-11-13"
"Espresso Intenso","1343","2019-11-13"
"Máquina Dolce Gusto Genio","21937","2019-11-13"
"clasico","155","2019-11-13"
"x","3074","2019-11-13"
"Dolce Gust","1018","2019-11-13"
"Nescafé Dolce Gusto","17152","2019-11-13"
"Mini Me Automática","25535","2019-11-13"
"NESCAFÉ Taster´s Choice","17390","2019-11-13"
"Espresso","561","2019-11-13"
"7501058628596","184","2019-11-13"
"americano","150","2019-11-13"
"carlos v","4361","2019-11-13"
"17501059285627","111","2019-11-13"
"CAFE AMERICANO","866","2019-11-13"
"7501059275577","56","2019-11-13"
"kit","998","2019-11-13"
"agua","18","2019-11-13"
"refacciones de las cafeteras dulce gusto","984","2019-11-13"
"Café+vainilla","8","2019-11-13"
"Cafetera+de+tres+tipo+de+cafe+en+una+sola+maquina","33","2019-11-13"
"Referencia de pago","1","2019-11-13"
"DOLCE gusto genio","3","2019-11-13"
"7501059273269","4","2019-11-12"
"Dolce Gusto","496","2019-11-12"
"lungo","283","2019-11-12"
"cappuccino","597","2019-11-12"
"nespresso","366","2019-11-12"
"macchiato","6","2019-11-12"
"18801055707802","62","2019-11-12"
"descafeinado","493","2019-11-12"
"capsulas","212","2019-11-12"
"7630030318849","151","2019-11-12"
"7501058629098","57","2019-11-12"
"7630039619398","121","2019-11-12"
"carnation","7","2019-11-12"
"taster","308","2019-11-12"
"STEVIA","50","2019-11-12"
"17501059238159","70","2019-11-12"
"7613036272049","25","2019-11-12"
"OFERTA MINI ME","1262","2019-11-12"
"7501059284623","134","2019-11-12"
"12200794","2","2019-11-12"
"NESQUIK","2","2019-11-12"
"Clavel","4","2019-11-12"
"8002270015991","64","2019-11-12"
"Vaso de 20oz.","539","2019-11-12"
"DESCREMADA","3","2019-11-12"
"late","1","2019-11-12"
"producto x","708","2019-11-11"
"maquina","824","2019-11-11"
"dolce","394","2019-11-11"
"vaso","201","2019-11-11"
"chai","195","2019-11-11"
"tazas","195","2019-11-11"
"nescafe milano ispirazione","1629","2019-11-11"
"te","834","2019-11-11"
"prueba","292","2019-11-11"
"7501058629159","69","2019-11-11"
"738377554009","92","2019-11-11"
"17501059286228","117","2019-11-11"
"17501059288239","76","2019-11-11"
"cafe grano","854","2019-11-11"
"nescafe alegria prima","605","2019-11-11"
"nescafe clasico","589","2019-11-11"
"Maquinas para cafe","981","2019-11-11"
"7613032864507","90","2019-11-11"
"tapas","62","2019-11-11"
"vasos","132","2019-11-11"
"Deposito de c%C3%A1psulas","927","2019-11-11"
"Capsula","315","2019-11-11"
"Cafe taster choice 250g","853","2019-11-11"
"Arma","30","2019-11-11"
"nescafe+alegria+prima","2","2019-11-11"
"nescafe+clasico","2","2019-11-11"
"cafe+instantaneo","3","2019-11-11"
"CAFE+EXPRESSO","6","2019-11-11"
"nescafe+milano+ispirazione","2","2019-11-11"
"Cafetera+dolce+gusto","2","2019-11-11"
"COFFEE+MATE","1","2019-11-11"
"NESCAFÉ+Taster´s+Choice","1","2019-11-11"
"azucar","579","2019-11-10"
"lattissima","231","2019-11-10"
"7501059219106","89","2019-11-10"
"7613032855888","160","2019-11-10"
"10661440001377","104","2019-11-10"
"Máquina+Dolce+Gusto+Genio","10","2019-11-10"
"Deposito+de+cápsulas","7","2019-11-10"
"OFERTA+MINI+ME","2","2019-11-10"
"Lechera+de+25.5kl","1","2019-11-10"
"vaso jumbo","1","2019-11-10"
"CAFE+AMERICANO","1","2019-11-10"
"7501000913484","218","2019-11-09"
"10722776200640","86","2019-11-09"
"sobres","5","2019-11-09"
"carlos+v","19","2019-11-09"
"7613035888975","27","2019-11-09"
"Dolce+Gusto+Mini+Me","7","2019-11-09"
"Dolce+Gust","11","2019-11-09"
"porta+capsulas","4","2019-11-09"
"Vaso+de+20oz.","4","2019-11-09"
"Maquinas+para+cafe","2","2019-11-09"
"refacciones+de+las+cafeteras+dulce+gusto","6","2019-11-09"
"Nescafé+Dolce+Gusto","1","2019-11-09"
"Capaulas+nespresso","1","2019-11-09"
"Taster+choice","1","2019-11-09"
"producto+x","1","2019-11-09"
"chocolate","181","2019-11-08"
"COFFEE MATE","221","2019-11-08"
"Capaulas nespresso","330","2019-11-08"
"porta capsulas","215","2019-11-08"
"Cafetera de tres tipo de cafe en una sola maquina","948","2019-11-08"
"7501059273252","4","2019-11-08"
"numeros telefonico","1","2019-11-07"
"numero de informacion","3","2019-11-07"
"nestle","4","2019-11-06"
"zulka","24","2019-11-06"
"7501058629173","20","2019-11-06"
"perrier","5","2019-11-06"
"cafe descafeinado","2","2019-11-06"
"Armar mi caja","3","2019-11-06"
"7613035970694","63","2019-11-05"
"17501059273297","54","2019-11-05"
"Taster choice","112","2019-11-05"
"7501000912704","59","2019-11-05"
"arma tu caja","9","2019-11-05"
"crema para batir","24","2019-11-05"
"Cappuccino coco","2","2019-11-05"
"break box","4","2019-11-05"
"Vaso 16","1","2019-11-05"
"Coffee mate en liquido","1","2019-11-05"
"COFFEE MATE LIQUIDO","1","2019-11-05"
"Nescafé Milano","9","2019-11-04"
"Cappuccino vainilla","18","2019-11-04"
"KIT-0010","3","2019-11-04"
"Dulce de leche","26","2019-11-03"
"taster's choice","129","2019-11-02"
"titanio","3","2019-11-01"
"Cafe+taster+choice+250g","8","2019-11-01"
"nescafe clasico 300 gramos","2","2019-11-01"
"PORTA VASOS","1","2019-11-01"
"expresso roast","1","2019-11-01"
"nescafe expresso roast","5","2019-11-01"
"7501058629951","11","2019-10-30"
"7501058636980","18","2019-10-30"
"17501000912459","7","2019-10-30"
"7501431209107","13","2019-10-30"
"7501058637420","22","2019-10-30"
"7501059211728","6","2019-10-30"
"7501059211711","6","2019-10-30"
"7501059214545","12","2019-10-30"
"7501058636973","14","2019-10-30"
"7501058611284","12","2019-10-30"
"17501059284637","4","2019-10-30"
"mate","3","2019-10-30"
"7501000912452","2","2019-10-30"
"box","25","2019-10-30"
"Nescafé® Alegria removedor","2","2019-10-30"
"17501058637007","1","2019-10-30"
"manjar","2","2019-10-29"
"CONFG-0000005","4","2019-10-29"
"Tester choice","2","2019-10-29"
"cafe grano milano","3","2019-10-29"
"kit inicial","28","2019-10-28"
"Dolche gusto","1","2019-10-28"
"KIT inicio Milan","1","2019-10-28"
"capuchinos","1","2019-10-28"
"break","2","2019-10-25"
"Despachadora de cafe","7","2019-10-25"
"CONFG-0000006","1","2019-10-25"
"2 gr","3","2019-10-24"
"Dochegusto","1","2019-10-24"
"Gusto","3","2019-10-24"
"cappucino","3","2019-10-23"
"sustituto de crema","23","2019-10-23"
"van cleef","28","2019-10-22"
"7501058620729","6","2019-10-22"
"Mini super","1","2019-10-22"
"nescafe dolca","5","2019-10-22"
"7501058627414","4","2019-10-21"
"7613034939623","19","2019-10-21"
"Milano leche descremada en polvo","7","2019-10-21"
"Invitado","3","2019-10-21"
"vaso milano","11","2019-10-18"
"Chispas de chocolate","7","2019-10-18"
"Vaso nescafe 8 oz","1","2019-10-18"
"Autoservicio","1","2019-10-18"
"7613033013553","7","2019-10-17"
"NESCAFÉ® Milano leche descremada en polvo caja con 10 bolsas de 500g.","1","2019-10-17"
"CPMN","1","2019-10-17"
"12124356","2","2019-10-17"
"milano leche","2","2019-10-17"
"milano leche descremada","2","2019-10-17"
"Jovia","2","2019-10-17"
"chef","1","2019-10-17"
"cafetera dulce gusto","5","2019-10-16"
"capuchino","7","2019-10-15"
"expreso","2","2019-10-15"
"expresso","3","2019-10-15"
"Blz","1","2019-10-15"
"esspreso","1","2019-10-15"
"leche milano","10","2019-10-14"
"pack nescafe clasico","1","2019-10-14"
"berry","2","2019-10-10"
"7501059200050","3","2019-10-10"
"7501059200067","2","2019-10-10"
"NUTTY","3","2019-10-10"
"Aquapana","1","2019-10-10"
"Aqcua pana","1","2019-10-10"
"sta maria","1","2019-10-10"
"empleo","1","2019-10-10"
"7501058623348","1","2019-10-10"
"7501058619211","2","2019-10-10"
"CONFG-0000008","1","2019-10-10"
"leche","8","2019-10-09"
"COFFE MATE","9","2019-10-09"
"nutty berry","3","2019-10-09"
"Vasos vending","2","2019-10-09"
"Tapas para vasos","3","2019-10-09"
"leche milo","1","2019-10-09"
"alegria leoness","1","2019-10-09"
"NESCAFE MILANO LECHE DESCREMADA","4","2019-10-09"
"Choice Maquina","1","2019-10-09"
"carlos stick","1","2019-10-09"
"decaf","16","2019-10-08"
"7501059233294","9","2019-10-07"
"skinny","2","2019-10-07"
"marrakesh","3","2019-10-07"
"17501059273686","6","2019-10-07"
"7613034609267","5","2019-10-07"
"17501059273273","7","2019-10-07"
"7613035194960","3","2019-10-07"
"7613036592703","8","2019-10-07"
"7613036420785","6","2019-10-07"
"7613036420839","8","2019-10-07"
"pellegrino","2","2019-10-07"
"Ristretto Ardenza","2","2019-10-07"
"7613032870652","2","2019-10-07"
"Nutella","1","2019-10-07"
"Agua Mineral Perrier Limón 330 ml","1","2019-10-07"
"grande","1","2019-10-07"
"7613034293381","1","2019-10-07"
"Latte Macchiato","2","2019-10-07"
"Marrakesh Style Tea","1","2019-10-07"
"Marrakes","1","2019-10-07"
"Dulce+de+leche","6","2019-10-07"
"decaf+de+120+gr","6","2019-10-05"
"removedor","12","2019-10-04"
"tapa","6","2019-10-04"
"12248390","1","2019-10-04"
"7501059286825","7","2019-10-03"
"tasters","8","2019-10-03"
"7502252482038","7","2019-10-03"
"7502252482045","5","2019-10-03"
"17501059238159-500","2","2019-10-03"
"7613035888975-500","2","2019-10-03"
"Cafetera","9","2019-10-02"
"mezcladores","3","2019-10-02"
"Popotes","3","2019-10-02"
"mascabado","2","2019-10-02"
"Cafetera mini","3","2019-10-02"
"Cafeteras pequeñas","1","2019-10-02"
"Cafetera mini de $1400","18","2019-10-02"
"Cafetera titanium","1","2019-10-02"
"Cat","3","2019-10-02"
"Cafetera titaniu","2","2019-10-02"
"Cafetera titaniumaquina titaniu","2","2019-10-02"
"Titaniu","4","2019-10-02"
"Cafetera mileniu","1","2019-10-02"
"Cafeteras industriales","1","2019-10-02"
"Maquinas  de capuccino","1","2019-10-02"
"choice","5","2019-10-01"
"Vasos tapas","1","2019-10-01"
"Coffematte","2","2019-09-29"
"Coffematt","1","2019-09-29"
"17501059273266","12","2019-09-28"
"Colors","6","2019-09-27"
"7613036417730","9","2019-09-27"
"stick","6","2019-09-27"
"lumio","10","2019-09-27"
"lummio","1","2019-09-27"
"blen","1","2019-09-27"
"chocochino","4","2019-09-26"
"Chocolate abuelita bolsa negro de 750g","4","2019-09-26"
"Carlos V chocolate maquina","2","2019-09-26"
"leche nido en bulto","3","2019-09-26"
"STICK NESCAFE 18/50","1","2019-09-26"
"NESCAFE 1KG","5","2019-09-26"
"Maquina para cafe","1","2019-09-26"
"7501058627421","1","2019-09-26"
"coffe matte","2","2019-09-25"
"avellana","3","2019-09-25"
"Lunio","2","2019-09-24"
"decaf de 120 gr","13","2019-09-23"
"Vaso dulche gusto","1","2019-09-23"
"santa maria","2","2019-09-21"
"ACQUA","1","2019-09-21"
"maquina dolce gusto","10","2019-09-20"
"Maquina para dolce gusto","2","2019-09-20"
"636q","1","2019-09-20"
"636","1","2019-09-20"
"mocha","10","2019-09-19"
"Cafetera toster choise","1","2019-09-19"
"Dolca","7","2019-09-18"
"coffee mate polvo","1","2019-09-18"
"Productos Maggi","1","2019-09-18"
"Maggi","1","2019-09-18"
"sticks","3","2019-09-17"
"tasters choice","5","2019-09-17"
"taster's","4","2019-09-17"
"lata de nescafe","1","2019-09-17"
"taster´s","1","2019-09-17"
"sustituto+de+crema","1","2019-09-16"
"Tapa 20 oz","1","2019-09-14"
"Tapa para vaso 20 oz","1","2019-09-14"
"FRUTAS DE MARAVILLA","4","2019-09-13"
"carlos","4","2019-09-12"
"MAQUINA ALEGRIA","1","2019-09-12"
"Cafeteras","5","2019-09-11"
"Tazas para café","3","2019-09-11"
"capuchino moka","8","2019-09-10"
"Descalcificador","2","2019-09-10"
"Descal","2","2019-09-10"
"Vaso nescafe","7","2019-09-10"
"Indumos Capuchino moka","1","2019-09-10"
"te vitte","8","2019-09-10"
"oficina","1","2019-09-10"
"jkhgkhjgkhjgkhj","1","2019-09-10"
"monterrey","2","2019-09-09"
"8801055707805","3","2019-09-06"
"chiapas","2","2019-09-06"
"Nescafé clasico a granel","3","2019-09-06"
"7501059256729","5","2019-09-05"
"Rastrear","1","2019-09-05"
"Insumos","2","2019-09-04"
"nescafe americano","3","2019-09-04"
"N-7501059200067","3","2019-09-03"
"CAFE MILANO","3","2019-09-03"
"te stash","1","2019-09-03"
"8000815065265","6","2019-09-02"
"7501059273689","5","2019-08-30"
"Nespresso Aguila 220","2","2019-08-30"
"orgánico","1","2019-08-30"
"7501058627438","1","2019-08-30"
"7501058619607","7","2019-08-26"
"7630039619770","5","2019-08-26"
"7630039620158","4","2019-08-26"
"7630047615306","4","2019-08-26"
"7640148344364","5","2019-08-26"
"7640148344371","5","2019-08-26"
"7613034590589","11","2019-08-26"
"eclipse","3","2019-08-26"
"Cafe abuelita","1","2019-08-26"
"KIT INI","1","2019-08-26"
"kit alegria","7","2019-08-24"
"Vaso de cartón de café","1","2019-08-24"
"Cappuccino abuelita","2","2019-08-24"
"stelia","6","2019-08-23"
"movenza","7","2019-08-23"
"stellia","3","2019-08-23"
"moka","11","2019-08-23"
"NCF-A8130","2","2019-08-23"
"NCF-AL-PP","2","2019-08-23"
"NCF-MLN-EXL","2","2019-08-23"
"NCF-MLN-LNG","2","2019-08-23"
"NCF-MLN-M8120","3","2019-08-23"
"NCF-MLN-MTS130","2","2019-08-23"
"NSP-0000001","2","2019-08-23"
"NSP-0000002","2","2019-08-23"
"NSP-0000003","2","2019-08-23"
"abulita","1","2019-08-23"
"Máquina dolchegusto","3","2019-08-23"
"bailin","1","2019-08-23"
"ristreto","1","2019-08-22"
"7501059275515","1","2019-08-22"
"combo","1","2019-08-22"
"Capuchino bolsa","1","2019-08-22"
"Capuchino original bolsa","2","2019-08-22"
"Dulce gusto","1","2019-08-22"
"Maquinas dulce gusto","7","2019-08-22"
"Maquinas dulce gustotedtershois","1","2019-08-22"
"Maquinas dulce tershois","2","2019-08-22"
"Maquinas testershois","4","2019-08-22"
"vending","4","2019-08-21"
"agitadores","3","2019-08-21"
"CAPUCHINO ORIGINAL","9","2019-08-21"
"Zulca","2","2019-08-21"
"Capuccino 1k","4","2019-08-21"
"cafe blend","5","2019-08-21"
"maquinas","4","2019-08-20"
"17501059273709","4","2019-08-20"
"cappuccino original","1","2019-08-20"
"kit para par maquina mi alegria","3","2019-08-20"
"Maquina de café","8","2019-08-19"
"cambiar contraseña","1","2019-08-19"
"Azúcar zulka","1","2019-08-18"
"Choco Mila","1","2019-08-18"
"Nan","1","2019-08-18"
"nescafe capuccino","3","2019-08-17"
"genio","2","2019-08-16"
"7501058633484","4","2019-08-16"
"Silva","1","2019-08-16"
"Sulka","1","2019-08-16"
"Sulca","1","2019-08-16"
"macciato","1","2019-08-16"
"8002270226595","6","2019-08-15"
"Nescaf","3","2019-08-15"
"Producto para máquina alegria","6","2019-08-15"
"color","1","2019-08-15"
"nescafe 2g","2","2019-08-15"
"7613032913205","7","2019-08-14"
"17501059238159-200","1","2019-08-14"
"7613034590572","10","2019-08-13"
"agitador","2","2019-08-13"
"7613033024306","5","2019-08-13"
"Nescafé Dolce Gusto Daily Range","2","2019-08-13"
"kit inicio","2","2019-08-13"
"7501059273297","1","2019-08-13"
"Popote","1","2019-08-13"
"Temovedores","1","2019-08-13"
"Removedores","1","2019-08-13"
"Alegría cappuccino vainilla","1","2019-08-13"
"Alegría removedor","2","2019-08-13"
"Alegría tapa","2","2019-08-13"
"lata","3","2019-08-12"
"Testers choice","1","2019-08-12"
"fiorucci","1","2019-08-12"
"Cápsulas de Nescafé Dolce Gusto Lungo Decaffeinato 16 pzas. Nestle®","3","2019-08-12"
"Dolce Gusto Lungo Decaffeinato","2","2019-08-12"
"7613031794331","1","2019-08-12"
"12201927","1","2019-08-12"
"nescafe cappucino original","1","2019-08-12"
"Vaso Nescafé® 8oz","1","2019-08-12"
"Capuchino vainilla","2","2019-08-11"
"Vaso nescafe 8oz","1","2019-08-11"
"Vaso 8oz","1","2019-08-11"
"Kit de inicio alegría","3","2019-08-10"
"coffee","6","2019-08-09"
"azucar en sobre","4","2019-08-09"
"Crema","1","2019-08-09"
"leche desnatada","1","2019-08-09"
"leche en polvo desnatada","8","2019-08-09"
"Kit inicio alegria","4","2019-08-08"
"Termo","2","2019-08-08"
"cafe soluble 1 kg","1","2019-08-07"
"soluble","1","2019-08-07"
"moha","1","2019-08-07"
"dolce gusto moca","1","2019-08-07"
"Canjear codigo","1","2019-08-07"
"Dolce Gusto Americano","1","2019-08-07"
"ppuccino origina","1","2019-08-07"
"vending special blend","2","2019-08-07"
"lechera","5","2019-08-06"
"endulzantes","1","2019-08-06"
"cremas","1","2019-08-06"
"dolche","1","2019-08-06"
"'mini me'","1","2019-08-06"
"Cafes","2","2019-08-06"
"7502252483356","6","2019-08-02"
"7502252483370","4","2019-08-02"
"7502252483394","5","2019-08-02"
"7613032913342","5","2019-08-02"
"frutas y chocolate","2","2019-08-02"
"13179730103184","1","2019-08-02"
"Cuchara","1","2019-08-02"
"7501059233287","5","2019-08-01"
"8002270246531","4","2019-08-01"
"Nescafé Dolce Gusto® Movenza, máquina de café","1","2019-08-01"
"Codigo","4","2019-07-31"
"capuccino vainilla","5","2019-07-31"
"Nescafe doy pack","3","2019-07-31"
"6715","1","2019-07-31"
"Vasos alegria","9","2019-07-30"
"4312","1","2019-07-30"
"Lechera de 25.5kl","11","2019-07-29"
"vancleef","3","2019-07-27"
"7502252482625","10","2019-07-26"
"ispirazione","3","2019-07-26"
"dickies","3","2019-07-26"
"gucci","3","2019-07-26"
"timberland","3","2019-07-26"
"northface","3","2019-07-26"
"mountblanc","3","2019-07-26"
"north face","8","2019-07-26"
"tiffany","3","2019-07-26"
"cartier","3","2019-07-26"
"iwc","3","2019-07-26"
"montblanc","3","2019-07-26"
"tifany","3","2019-07-26"
"michael kors","3","2019-07-26"
"FUCIDIN","3","2019-07-26"
"vans","3","2019-07-26"
"loremipsum0.12103826341904889","1","2019-07-26"
"golden","1","2019-07-26"
"Coffeemate","1","2019-07-25"
"capuccino","7","2019-07-24"
"latte","2","2019-07-24"
"bolsa","2","2019-07-24"
"capuccino original","8","2019-07-24"
"NESCAFÉ cappuccino vainilla","2","2019-07-24"
"BOLSA CAPUCCINO VAINILLA","1","2019-07-24"
"Maquins chocolate","1","2019-07-24"
"PUREZA VITAL","3","2019-07-23"
"coco","1","2019-07-23"
"Kit onicial","1","2019-07-23"
"Special Blend","2","2019-07-22"
"splenada","1","2019-07-19"
"Kit de inicio","2","2019-07-18"
"NESCAFÉ® Milano M8120","4","2019-07-17"
"stick pack","2","2019-07-17"
"loremipsum0.4976119504116199","1","2019-07-16"
"Nesquick","1","2019-07-16"
"dole gusto","2","2019-07-16"
"27501058622765","1","2019-07-16"
"27501059229475","1","2019-07-16"
"azucar morena zulka","3","2019-07-12"
"azucar morena sulka","2","2019-07-12"
"Paquete alegria","1","2019-07-12"
"41508800402","5","2019-07-11"
"7502252482618","5","2019-07-11"
"8002270536472","2","2019-07-11"
"Capuchino alegría","1","2019-07-11"
"7501059200708","1","2019-07-11"
"Caffe milano","1","2019-07-11"
"Caffe de grano","4","2019-07-11"
"7613031526406","1","2019-07-11"
"Polvo para hornear","1","2019-07-11"
"ristretto","3","2019-07-10"
"mini taza","7","2019-07-10"
"longo colombia","2","2019-07-10"
"7501059256736","9","2019-07-09"
"Ice","3","2019-07-09"
"76300303101","3","2019-07-09"
"7501059273283","2","2019-07-09"
"brasil","1","2019-07-09"
"colombia","1","2019-07-09"
"vanilio","1","2019-07-09"
"ciocattino","1","2019-07-09"
"capriccio","1","2019-07-09"
"vivalto","1","2019-07-09"
"vivalto lungo","1","2019-07-09"
"doce gusto","1","2019-07-09"
"F511-MX-WH-NE","1","2019-07-09"
"C30-MX-BK-NE","1","2019-07-09"
"A3C60-MX-TI-NE","1","2019-07-09"
"7613034608529","1","2019-07-09"
"mocha}","1","2019-07-09"
"au lait","1","2019-07-09"
"7630039618636","5","2019-07-08"
"7501058619693","3","2019-07-08"
"7630047613685","4","2019-07-08"
"7630047615313","3","2019-07-08"
"7630047615320","3","2019-07-08"
"CARLOS V® chocolate máquina vending bolsa de 750g","5","2019-07-08"
"7501058627407","5","2019-07-08"
"7501059238152","7","2019-07-08"
"7502252480287","2","2019-07-08"
"7502252482953","3","2019-07-08"
"7502252482960","3","2019-07-08"
"7502252483318","5","2019-07-08"
"7502252480669","4","2019-07-08"
"7502252480928","5","2019-07-08"
"7502252483332","4","2019-07-08"
"7502252481253","3","2019-07-08"
"7502252482694","3","2019-07-08"
"7502252483325","3","2019-07-08"
"7502252480676","3","2019-07-08"
"7502252480683","3","2019-07-08"
"7502252481666","4","2019-07-08"
"7502252481727","4","2019-07-08"
"7502252482298","4","2019-07-08"
"7502252482236","5","2019-07-08"
"7501000913477","3","2019-07-08"
"7502252480263","2","2019-07-08"
"8002270166532","2","2019-07-08"
"tres leches","1","2019-07-08"
"07501059256729","1","2019-07-08"
"7630030318849}","1","2019-07-08"
"capsulas nespresso","3","2019-07-08"
"18801055707802}","1","2019-07-08"
"7501058615343","1","2019-07-08"
"8002270226557","1","2019-07-08"
"8002270176548","1","2019-07-08"
"nescafe alegria","5","2019-07-05"
"capsulas de cafe dolce gusto","2","2019-07-05"
"Verarica","2","2019-07-04"
"VERARCIA","1","2019-07-04"
"CHOLATE CARLOS V","1","2019-07-03"
"cafe clasico","8","2019-07-02"
"coffee mat","4","2019-07-02"
"sobres de azucar individual","2","2019-07-02"
"Vaso 16 oz","7","2019-07-01"
"Clásico pack con 50 sticks","2","2019-06-28"
"sobre","4","2019-06-28"
"17501059273242","6","2019-06-28"
"magesto","1","2019-06-28"
"majesto","1","2019-06-28"
"NUTTY BERRY MIX 70 gr","1","2019-06-28"
"PUREZA","1","2019-06-28"
"MELODY","1","2019-06-28"
"ZILKA","1","2019-06-28"
"7613031529681","7","2019-06-27"
"7613033135453","4","2019-06-27"
"7613034293398","5","2019-06-27"
"Caf%C3%A9%20vainilla","2","2019-06-27"
"Vaso 20 oz","1","2019-06-27"
"NESCAFE SOLUBLE 1 KG","1","2019-06-27"
"taster choice}","1","2019-06-27"
"chococino","2","2019-06-26"
"7501059264373","1","2019-06-26"
"Nescafé soluble, rinde 1 taza sobre","1","2019-06-26"
"Café Au Lait","1","2019-06-26"
"400G","1","2019-06-26"
"NESCAFÉ Dolce Gusto Ristretto Ardenza","1","2019-06-26"
"12252322-CST0","6","2019-06-25"
"sustituto de crema de 311 gramos","7","2019-06-25"
"canjea tu codigo","4","2019-06-25"
"decaf 120 gr","2","2019-06-25"
"sustituto de crema de 311 gr","1","2019-06-25"
"Coffee mate 1k","1","2019-06-24"
"Dolce+Gusto","1","2019-06-24"
"Vasos nescafe","1","2019-06-24"
"Vaso nescafe 16oz","1","2019-06-24"
"Sobres de nescafe","1","2019-06-23"
"TE PASTORA","2","2019-06-21"
"7613034481306","2","2019-06-21"
"Lattissima Touch White","1","2019-06-21"
"Combo Pixie Red + Aeroccino","1","2019-06-21"
"blue tooth","1","2019-06-21"
"cafe toaster's choice descafeinado 200 gramos","2","2019-06-21"
"TOASTER CHOICE","2","2019-06-20"
"aguas","3","2019-06-20"
"agua pureza vital","3","2019-06-20"
"Polvos chocolates","1","2019-06-20"
"Vaso grande","3","2019-06-20"
"Polvos para cefe","2","2019-06-20"
"nescafe mezcla especial","1","2019-06-20"
"splecial","1","2019-06-20"
"blend","1","2019-06-20"
"piccolo","1","2019-06-20"
"drop","1","2019-06-20"
"almendra","2","2019-06-19"
"Nescafé Taster's choice","1","2019-06-19"
"Maquina tasters choice","3","2019-06-19"
"Recetas","1","2019-06-19"
"cafe de grano","1","2019-06-19"
"camilo","1","2019-06-19"
"grano","1","2019-06-19"
"member","1","2019-06-19"
"mini","5","2019-06-18"
"pack","3","2019-06-17"
"máquina taster's","1","2019-06-17"
"3 pack","1","2019-06-17"
"CARNETION","1","2019-06-17"
"Chocolate morelia","3","2019-06-14"
"caramel","2","2019-06-13"
"Morelia precidencial","1","2019-06-13"
"carlos%20v","1","2019-06-13"
"CAJA CAFE ORIGINAL","3","2019-06-13"
"Leche deslactosada","3","2019-06-12"
"slenda","1","2019-06-12"
"7501058637000","2","2019-06-11"
"enchilado","2","2019-06-10"
"z'`","2","2019-06-10"
"z2121121121212.1","2","2019-06-10"
"mineral","1","2019-06-10"
"CONFG-0000007","1","2019-06-06"
"8002270041068","1","2019-06-06"
"NUTTY BERRY MIX 70G","1","2019-06-06"
"MIX DE NUECES Y MAIZ ENCHILADO SIN AZÚCAR 60G","1","2019-06-06"
"necafe clasico","1","2019-06-03"
"taoa","1","2019-06-03"
"necafe capp","1","2019-06-03"
"Nescafé Teaster's Choice","7","2019-06-02"
"Dulce de leche Nestlé","1","2019-05-30"
"Cappuccino Original máquina vending bolsa","4","2019-05-28"
"insumos para maquina alegria","1","2019-05-28"
"Leche en polvo","4","2019-05-28"
"inspirazione","1","2019-05-28"
"daily","3","2019-05-27"
"NSHOP18_0012","2","2019-05-27"
"1 kg","1","2019-05-27"
"daiily","1","2019-05-27"
"CAFÉ SOLUBLE","1","2019-05-27"
"crunch","1","2019-05-23"
"aeroccino","3","2019-05-21"
"12 bolsas","2","2019-05-21"
"12314163","1","2019-05-21"
"8001055707805","1","2019-05-21"
"1002839403","1","2019-05-21"
"760148344364","1","2019-05-21"
"a3c60-re-ne","2","2019-05-21"
"A3C60-MX-RE-NE","1","2019-05-21"
"granulado","1","2019-05-21"
"Instantaneo","1","2019-05-20"
"Calcio","1","2019-05-19"
"Coffeematte","1","2019-05-16"
"Dulcce gusto","1","2019-05-13"
"NESCAFÉ® Clásico® bolsa 400g","3","2019-05-09"
"dolce+","1","2019-05-08"
"nescafe 400","2","2019-05-07"
"Errores","1","2019-05-06"
"1'`","160","2019-05-03"
"\","160","2019-05-03"
"TqF654ne","1","2019-05-03"
"1*1*1*1","149","2019-05-03"
"604'","1","2019-05-03"
"S3X7Xv3A","1","2019-05-03"
"418'","1","2019-05-03"
"M7EdPzh4","1","2019-05-03"
"140'","1","2019-05-03"
"q16cy2Y0","1","2019-05-03"
"40'","1","2019-05-03"
"DrKP6woS","1","2019-05-03"
"815'","1","2019-05-03"
"3XHw5HvE","1","2019-05-03"
"712'","1","2019-05-03"
"fjGRCcTK","1","2019-05-03"
"HbOnjNlT","1","2019-05-03"
"269'","1","2019-05-03"
"506'","1","2019-05-03"
"87vWiNp1","1","2019-05-03"
"817'","1","2019-05-03"
"673'","1","2019-05-03"
"zYjYlR0M","1","2019-05-03"
"845'","1","2019-05-03"
"808'","1","2019-05-03"
"7DJBdJoW","1","2019-05-03"
"730'","1","2019-05-03"
"TMO6C05o","1","2019-05-03"
"528'","1","2019-05-03"
"jOEbeZdF","1","2019-05-03"
"oeJ9uusm","1","2019-05-03"
"649'","1","2019-05-03"
"187'","1","2019-05-03"
"IcmxadDL","1","2019-05-03"
"ajwNZv2a","1","2019-05-03"
"672'","1","2019-05-03"
"328'","1","2019-05-03"
"dFcAs5tv","1","2019-05-03"
"lLYs0fsi","1","2019-05-03"
"445'","1","2019-05-03"
"885'","1","2019-05-03"
"nclWUPdK","1","2019-05-03"
"532'","1","2019-05-03"
"BOtbQbq0","1","2019-05-03"
"796'","2","2019-05-03"
"BxOgex4v","1","2019-05-03"
"601'","1","2019-05-03"
"RE69G6Sj","1","2019-05-03"
"qJUzozJM","1","2019-05-03"
"408'","1","2019-05-03"
"8o47m0VL","1","2019-05-03"
"207'","1","2019-05-03"
"CAuXCsZ0","1","2019-05-03"
"91'","2","2019-05-03"
"y86nm8Js","1","2019-05-03"
"859'","1","2019-05-03"
"7j7zUg8P","1","2019-05-03"
"117'","1","2019-05-03"
"Nl2ycPpc","1","2019-05-03"
"66'","2","2019-05-03"
"lgdQJegJ","1","2019-05-03"
"858'","1","2019-05-03"
"WZ4y0QOz","1","2019-05-03"
"654'","1","2019-05-03"
"pD0u3j0m","1","2019-05-03"
"368'","1","2019-05-03"
"l1e5tbdc","1","2019-05-03"
"820'","1","2019-05-03"
"Ax24rL2Y","1","2019-05-03"
"998'","2","2019-05-03"
"775'","1","2019-05-03"
"IW11G6IY","1","2019-05-03"
"228'","1","2019-05-03"
"2aq5dFJt","1","2019-05-03"
"417'","2","2019-05-03"
"7hbW5Ats","1","2019-05-03"
"88'","1","2019-05-03"
"37Oxd6e9","1","2019-05-03"
"602'","1","2019-05-03"
"zlLCPWsG","1","2019-05-03"
"awWWLxqn","1","2019-05-03"
"oYiLgpEq","1","2019-05-03"
"812'","1","2019-05-03"
"UCd066XI","1","2019-05-03"
"659'","1","2019-05-03"
"331'","1","2019-05-03"
"djLOOcTa","1","2019-05-03"
"QkCHVPMl","1","2019-05-03"
"564'","1","2019-05-03"
"799'","1","2019-05-03"
"500'","1","2019-05-03"
"tTnJxsnq","1","2019-05-03"
"979'","1","2019-05-03"
"399'","1","2019-05-03"
"390'","1","2019-05-03"
"22'","2","2019-05-03"
"758'","1","2019-05-03"
"Fg2oabHN","1","2019-05-03"
"575'","1","2019-05-03"
"RyxiqFCm","1","2019-05-03"
"21'","1","2019-05-03"
"324'","1","2019-05-03"
"852'","1","2019-05-03"
"ZzkdJAIP","1","2019-05-03"
"942'","1","2019-05-03"
"501'","1","2019-05-03"
"eLdUtJSM","1","2019-05-03"
"316'","1","2019-05-03"
"lb35A0yf","1","2019-05-03"
"682'","1","2019-05-03"
"491'","1","2019-05-03"
"mwkyu8vj","1","2019-05-03"
"499'","1","2019-05-03"
"7LhLioHY","1","2019-05-03"
"480'","1","2019-05-03"
"WzcYULke","1","2019-05-03"
"229'","1","2019-05-03"
"AcgXpX3w","1","2019-05-03"
"608'","1","2019-05-03"
"VuBGlU0b","1","2019-05-03"
"61'","1","2019-05-03"
"79'","1","2019-05-03"
"184'","1","2019-05-03"
"r5mSMelJ","1","2019-05-03"
"107'","1","2019-05-03"
"BJaG2TBA","1","2019-05-03"
"819'","1","2019-05-03"
"vCzxt1ea","1","2019-05-03"
"837'","1","2019-05-03"
"xEQnoNTZ","1","2019-05-03"
"362'","1","2019-05-03"
"72WiJZiU","1","2019-05-03"
"466'","1","2019-05-03"
"xDl4RhaH","1","2019-05-03"
"Xy2TvCxF","1","2019-05-03"
"833'","1","2019-05-03"
"Y4VhC8ms","1","2019-05-03"
"24'","2","2019-05-03"
"OhlvxwRV","1","2019-05-03"
"246'","2","2019-05-03"
"476'","1","2019-05-03"
"561'","1","2019-05-03"
"887'","1","2019-05-03"
"z12H1k7F","1","2019-05-03"
"370'","2","2019-05-03"
"891'","1","2019-05-03"
"318'","1","2019-05-03"
"725'","1","2019-05-03"
"cBCiT5ZG","1","2019-05-03"
"199'","1","2019-05-03"
"Saih0Gzr","1","2019-05-03"
"248'","1","2019-05-03"
"46'","1","2019-05-03"
"985'","1","2019-05-03"
"770'","1","2019-05-03"
"jgN8RHAv","1","2019-05-03"
"ODMb1Kc3","1","2019-05-03"
"995'","1","2019-05-03"
"505'","1","2019-05-03"
"6TVXPjsf","1","2019-05-03"
"662'","1","2019-05-03"
"VoVt8nUg","1","2019-05-03"
"925'","1","2019-05-03"
"E59pQd2V","1","2019-05-03"
"919'","2","2019-05-03"
"8qcV0GzI","1","2019-05-03"
"q87Ugjld","1","2019-05-03"
"272'","1","2019-05-03"
"854'","1","2019-05-03"
"PU5zW6jx","1","2019-05-03"
"VyBk4EY8","1","2019-05-03"
"683'","1","2019-05-03"
"r6axWGAo","1","2019-05-03"
"519'","1","2019-05-03"
"5rK8uVgk","1","2019-05-03"
"903'","1","2019-05-03"
"niO1bSTc","1","2019-05-03"
"257'","1","2019-05-03"
"GQSTtDT3","1","2019-05-03"
"336'","1","2019-05-03"
"bcVcxsC5","1","2019-05-03"
"847'","1","2019-05-03"
"4oxvCSBQ","1","2019-05-03"
"920'","1","2019-05-03"
"KzKDeuU7","1","2019-05-03"
"382'","1","2019-05-03"
"2Njvftpz","1","2019-05-03"
"326'","1","2019-05-03"
"GmBHcBe3","1","2019-05-03"
"676'","1","2019-05-03"
"153'","1","2019-05-03"
"2AKj3HkH","1","2019-05-03"
"760'","1","2019-05-03"
"AMhaOx7s","1","2019-05-03"
"976'","1","2019-05-03"
"UnyswqOU","1","2019-05-03"
"138'","1","2019-05-03"
"953'","1","2019-05-03"
"202'","2","2019-05-03"
"3Wxn04oL","1","2019-05-03"
"175'","1","2019-05-03"
"fct7KHBc","1","2019-05-03"
"18'","1","2019-05-03"
"wl2jTMkN","1","2019-05-03"
"320'","1","2019-05-03"
"JTydxQO9","1","2019-05-03"
"n0m2VIeE","1","2019-05-03"
"5RwDDaXi","1","2019-05-03"
"950'","1","2019-05-03"
"451'","1","2019-05-03"
"akIt6yxn","1","2019-05-03"
"wbXtsHdy","1","2019-05-03"
"158'","1","2019-05-03"
"Dcjs7rHa","1","2019-05-03"
"684'","1","2019-05-03"
"dEmuwWN2","1","2019-05-03"
"405'","1","2019-05-03"
"ltoeELPP","1","2019-05-03"
"Ibkyji6g","1","2019-05-03"
"588'","1","2019-05-03"
"20'","1","2019-05-03"
"4tVUjd4T","1","2019-05-03"
"243'","1","2019-05-03"
"gnyiEjaD","1","2019-05-03"
"595'","1","2019-05-03"
"CGuZNHxa","1","2019-05-03"
"422'","1","2019-05-03"
"394'","1","2019-05-03"
"eNLixN3k","1","2019-05-03"
"610'","1","2019-05-03"
"486'","1","2019-05-03"
"mASnyCeM","1","2019-05-03"
"304'","1","2019-05-03"
"880'","1","2019-05-03"
"530'","1","2019-05-03"
"TubuONBS","1","2019-05-03"
"446'","1","2019-05-03"
"88X4CsYM","1","2019-05-03"
"Mty27d0m","1","2019-05-03"
"777'","1","2019-05-03"
"8wMGmpNs","1","2019-05-03"
"444'","1","2019-05-03"
"rEW99P0j","1","2019-05-03"
"BvBf7LwY","1","2019-05-03"
"ztQjhoWS","1","2019-05-03"
"776'","1","2019-05-03"
"430'","1","2019-05-03"
"904'","1","2019-05-03"
"741'","1","2019-05-03"
"yso3SycY","1","2019-05-03"
"938'","1","2019-05-03"
"241'","1","2019-05-03"
"acttWoVW","1","2019-05-03"
"363'","1","2019-05-03"
"7mHFnypc","1","2019-05-03"
"721'","1","2019-05-03"
"pzU82eME","1","2019-05-03"
"HbsgNN8u","1","2019-05-03"
"110'","1","2019-05-03"
"cappuccinos","1","2019-05-02"
"intenso","4","2019-05-01"
"7501058619690","4","2019-04-30"
"Nescafe 440g","3","2019-04-29"
"nescafe 440gr","4","2019-04-29"
"nescafe 440 g","1","2019-04-29"
"nescafe 350 g","2","2019-04-29"
"Flash","1","2019-04-27"
"GUADALAJARA","1","2019-04-26"
"Mocha preparar","3","2019-04-25"
"minime","2","2019-04-25"
"8","1","2019-04-25"
"mini  me","1","2019-04-25"
"automatica","1","2019-04-25"
"morelia","1","2019-04-23"
"cafe 220","1","2019-04-23"
"7501059284623-P","2","2019-04-22"
"300 gr","1","2019-04-17"
"dolce gisto","1","2019-04-17"
"capsulas dolce","2","2019-04-17"
"nescafe-dolce-gusto","1","2019-04-17"
"nescafe-dolce","1","2019-04-17"
"Xafe","1","2019-04-16"
"Capsula dolce gusto","3","2019-04-09"
"MAQUINA EXPENDEDORA- BRIO UP NECTA VENDING","2","2019-04-09"
"fatura","1","2019-04-09"
"Máquina taster choice","1","2019-04-09"
"Cápsulas dolce gusto","1","2019-04-09"
"7501059273245","1","2019-04-08"
"NSP-0000004","1","2019-04-08"
"mokaccino","1","2019-04-03"
"modelo 9742\127","2","2019-04-02"
"Te chai","2","2019-04-01"
"Nutcracker","1","2019-04-01"
"modelo 9742\157","1","2019-04-01"
"Solo empleo en Guadalajara","1","2019-04-01"
"nescafe milano 8120","4","2019-04-01"
"cafeteria","1","2019-04-01"
"Registrar puntos","2","2019-03-31"
"Cápsulas reutilizables","1","2019-03-31"
"cafeteras de veinte tazas","1","2019-03-30"
"de","2","2019-03-30"
"Lungo descafeinado","2","2019-03-30"
"Registro de codigo","1","2019-03-30"
"Imagdn de exhibidor con capsulas","2","2019-03-30"
"codigos","1","2019-03-30"
"registras codigos","1","2019-03-30"
"Café 350 g","1","2019-03-30"
"Tanque de agua","3","2019-03-29"
"9748.12/127/1","1","2019-03-29"
"nescafe expreso","4","2019-03-29"
"nescafe espresso","1","2019-03-29"
"expesso","1","2019-03-29"
"capucc","1","2019-03-29"
"Genio 2","1","2019-03-29"
"Pagar con puntos","1","2019-03-29"
"chocolate máquina","1","2019-03-29"
"chocolate máquina vending bolsa","2","2019-03-29"
"Choco","3","2019-03-28"
"Registrar codigo","4","2019-03-28"
"Colora","1","2019-03-28"
"Chai te latte","2","2019-03-27"
"Mantenimiento","1","2019-03-27"
"Decafeinado","1","2019-03-27"
"Tester's choice decafeinado","1","2019-03-27"
"Frida Khalo","1","2019-03-27"
"descaling","1","2019-03-27"
"dolce gusto infinissima","1","2019-03-27"
"infinissima","1","2019-03-27"
"MAQUINA EXPENDEDORA","1","2019-03-27"
"nescafe dolce gusto expresso descafeinado","4","2019-03-27"
"NESC DOLCE GUSTO Espresso 16Cap3x96gN1XQ","1","2019-03-26"
"Reparacion","1","2019-03-26"
"Cafe con leche","1","2019-03-26"
"Dolce gusto depósito","1","2019-03-25"
"Dulce gusto oblo","1","2019-03-25"
"Cafés frios","1","2019-03-25"
"Cápsulas de café frio","1","2019-03-25"
"Toaster choise avellana","1","2019-03-25"
"Dulce Gusto Genio","3","2019-03-24"
"Registro de códigos","3","2019-03-24"
"Nescafe de 120g","1","2019-03-24"
"Como ingresar códigos","1","2019-03-24"
"Tamaño de tazas","3","2019-03-24"
"Nestea","1","2019-03-24"
"Puntos","5","2019-03-23"
"Cupones","2","2019-03-23"
"Descalcificación","2","2019-03-23"
"Desclasificados","1","2019-03-23"
"12281618-CST0","1","2019-03-23"
"Poccolo","1","2019-03-23"
"Modelo 9631","4","2019-03-23"
"33LLJPANNCWP","1","2019-03-23"
"dolce fan","1","2019-03-23"
"Promocioness","1","2019-03-23"
"quiero registrar mi código","3","2019-03-23"
"como registrar mi codigo","1","2019-03-23"
"canjea codigo","1","2019-03-23"
"maquinas de cafe","3","2019-03-22"
"Cafetera taster choice","3","2019-03-22"
"system","1","2019-03-22"
"Importe ambiental","1","2019-03-22"
"lite","1","2019-03-22"
"Nescafe Taster choice system","4","2019-03-22"
"Cafeteraca dolce gusto","1","2019-03-22"
"accesorios","5","2019-03-21"
"descalsificador","2","2019-03-21"
"Precios de celular sansu s7","3","2019-03-21"
"PACK-0001","4","2019-03-21"
"PACK-0003","2","2019-03-21"
"PACK-0002","2","2019-03-21"
"PACK-0004","2","2019-03-21"
"PACK-0005","1","2019-03-21"
"Taster choice green","1","2019-03-21"
"Paquete 0004","1","2019-03-21"
"Centro de servicio","1","2019-03-21"
"vazos","1","2019-03-20"
"cortado","2","2019-03-19"
"refacciones","2","2019-03-19"
"Rastrear pedido","1","2019-03-19"
"NESCAFÉ CAPPUCCINO ORIGINAL CAJA","2","2019-03-18"
"Nescafe de lata de 470 grm","3","2019-03-18"
"almacenador de capsulas","1","2019-03-18"
"guarda capsulas","1","2019-03-18"
"capsulas cafe con leche","1","2019-03-18"
"Regacviones","1","2019-03-18"
"Pastillas descalcificadorad","1","2019-03-18"
"Chochino","1","2019-03-18"
"Chococino capsulad","1","2019-03-18"
"Dolce gusto chococino","1","2019-03-18"
"Dolce gusto 3","1","2019-03-17"
"Macchiati","1","2019-03-17"
"Macchiato vainilla","1","2019-03-17"
"Latte macchiato vainilla","1","2019-03-17"
"Productos para maquinas bendi","1","2019-03-16"
"Prcio","1","2019-03-16"
"Nescafe sabor coco","1","2019-03-16"
"lata de 1 kg","1","2019-03-15"
"Tazas capuccino","1","2019-03-15"
"Precios","1","2019-03-15"
"Tapa de distribuidor de agua","2","2019-03-15"
"50 sombras","1","2019-03-15"
"Teléfono","1","2019-03-14"
"12200655-CST0","1","2019-03-14"
"KIT-0006","1","2019-03-14"
"KIT-0007","1","2019-03-14"
"Repuestos de contenedor de agua","2","2019-03-14"
"17501059284620","1","2019-03-14"
"cafe frio","1","2019-03-14"
"maquina vending para cafe frio","2","2019-03-14"
"maquina vending","1","2019-03-14"
"Partes de la cafetera","1","2019-03-13"
"Registro de capsulas","1","2019-03-13"
"12221711","1","2019-03-13"
"12202605-CST0","1","2019-03-13"
"12202605","1","2019-03-13"
"12224690-CST0","2","2019-03-13"
"Cafe Taster Choice Nuez 250 G Nutcracker Soluble Nescafe","1","2019-03-12"
"capsulas capuchino","2","2019-03-11"
"TOIS","1","2019-03-11"
"Pedido","1","2019-03-11"
"Alegri","1","2019-03-09"
"esplena natural","1","2019-03-08"
"lugo","1","2019-03-08"
"A8130","1","2019-03-07"
"Porno de secundaria","1","2019-03-01"
"dolce gusto stellia","1","2019-03-01"
"Comodato","1","2019-02-28"
"FRAPUCHINO","1","2019-02-28"
"Maquillaje","1","2019-02-28"
"capucchino","2","2019-02-27"
"frapucchino","1","2019-02-27"
"fra","1","2019-02-27"
"Tienda de la esquina","3","2019-02-27"
"splend","2","2019-02-27"
"PROMOCION MINI ME","1","2019-02-26"
"nespreso","2","2019-02-25"
"Pelicu mexicana al fonso sayas","1","2019-02-25"
"Porno gratis de mugeres nalgonas y chichonas","1","2019-02-24"
"Keurig","1","2019-02-23"
"Palomera","1","2019-02-23"
"Capsulas de leche","1","2019-02-22"
"otras marcas","1","2019-02-22"
"roast","1","2019-02-20"
"alegria prima","1","2019-02-12"
"molinillo","1","2019-02-12"
"nescage alegria prima","1","2019-02-11"
"NESCAFE ALEGRIA VENDING TAPA 250 PZ/ 16 OZ","1","2019-02-07"
"Cholate abuelita","1","2019-02-05"
"coffe mat","1","2019-02-05"
"svetia","1","2019-01-29"
"Azúcar 4gr","1","2019-01-28"
"pregfuntas frecuentes","1","2019-01-27"
"3pack","1","2019-01-24"
"dolce gusto mini me automatica","2","2019-01-22"
"https://cafeparaminegocio.com.mx/nescafe-dolce-gustor-mini-me-automatica.html","1","2019-01-22"
"cupchino moka en polvo","1","2019-01-22"
"rmorales","3","2019-01-18"
"1`'`--","12","2019-01-17"
"1)","12","2019-01-17"
"rmoales","1","2019-01-17"
"Nescafe milano 300g","1","2019-01-12"
"Cafe soluble descafeinado 100% puro","1","2019-01-12"
"CAFE REGULAR TOASTER CHOICE FRASCO 200 GR","1","2019-01-11"
"PUNTA DEL CIELO","2","2019-01-11"
"CAFE LA PARROQUIA","1","2019-01-11"
"americano mild","1","2019-01-04"
"Tapa para vaso 16oz","1","2018-12-14"
"Tapa para vaso 16oz nescafe alegria","1","2018-12-14"
"cremador","1","2018-12-04"
"pruebas","3","2018-11-30"
"docle","2","2018-11-28"
"Pixie","1","2018-11-28"
"df","1","2018-11-26"
"Algo","1","2018-11-07"
"dolcce","1","2018-11-07"
"Nespresso  Lattissima Touch White","1","2018-10-26"
"aguila","2","2018-10-24"
"dolly","1","2018-10-24"
"Nescafe milano ispiratzione italiano","2","2018-10-21"
"playeras","1","2018-10-19"
"selecciona","1","2018-10-16"
"Daily Range","1","2018-10-16"
"esplenda","2","2018-10-11"
"Esplendor","1","2018-10-11"
"af","1","2018-10-11"
"aguila 420","2","2018-10-10"
"alegria a8130","2","2018-10-10"
"milano lounge","1","2018-10-08"
"APLENDA","1","2018-10-08"
"Naturals caja con 400","3","2018-10-05"
"Milano M8120","1","2018-10-04"
"m8120","1","2018-10-04"
"mts130","1","2018-10-04"
"excel","1","2018-10-04"
"lounge","1","2018-10-04"
"NESCAFE? Dolce Gusto® Mini Me Automática","1","2018-10-04"
"gemini","1","2018-10-03"
"750g","1","2018-10-03"
"NESCAFÉ Cappuccino ORIGINAL,  polvo para preparar café, caja 6 sobres de 120g (2 pack)","1","2018-10-01"
"caramell","1","2018-09-29"
"ardenza","1","2018-09-29"
"profesional","1","2018-09-28"
"mocaccino","1","2018-09-24"
"moca","1","2018-09-24"
"Taster´s Choice Descafeinad","1","2018-09-20"
"bundle","1","2018-06-25"
"NESCAFÉ Dolce Gusto® Lungo Decaffeinato Café","1","2018-06-22"
"professional","1","2018-05-29"
"xx","1","2018-03-27"
"'","1","2018-03-27"
"''''","1","2018-03-27"
"`","1","2018-03-27"
"%22","2","2018-03-27"
"``","1","2018-03-27"
"coffe","1","2018-03-27"
"j","2","2018-03-27"
"22","1","2018-03-27"
"23","2","2018-03-27"
"?????","1","2018-03-27"
"%C4%85","1","2018-03-27"
"a b","2","2018-03-27"
"%25","5","2018-03-27"
"k","1","2018-03-27"
"%27","1","2018-03-27"
"20","1","2018-03-27"
"Maquina Dolce Gusto Mini Me","1","2018-03-08"
"7501059286818","1","2018-03-05"
"SKU: 7501059285620","1","2018-03-05"
"sasd,as sdkljsakdjask sajkasjdklajskldjaklsjd aksjdkas","1","2018-02-22"
"PB648382","1","2018-02-20"
"7501059286221","1","2018-02-16"
"b","2","2018-02-14"
"Algería","1","2018-01-31"
"terraza","1","2018-01-30"
"chocholate","1","2018-01-25"
"cocholate","1","2018-01-24"
"4555","1","2018-01-24"
"*","1","2018-01-15"
"producto","3","2017-11-23"
"pro","1","2017-11-23"
"pr","1","2017-11-23"